id,projectID,name,publishedTime,field,views,appreciations,comments,pic,owner,city,country
1,26834007,Eagle Speedster Miami,20150604,Automotive Design,4094,326,7,https://mir-s3-cdn-cf.behance.net/projects/404/a6f8d126834007.55703c7eb7486.jpg,james3a20,Los Angeles,United States
2,30190165,"XC 04, supercar concept",20151009,Automotive Design,5364,373,12,https://mir-s3-cdn-cf.behance.net/projects/404/2818d830190165.561727106d1c8.jpg,Venkov,Bratislava,Slovakia
3,33151191,Subaru Forester - Global Campaign,20160122,Advertising,3914,203,4,https://mir-s3-cdn-cf.behance.net/projects/404/12a5a433151191.Y3JvcCwxMzE0LDEwMjcsODMsMA.jpg,peterdawson,Los Angeles,United States
4,40849415,VW Polo Beats Edition Catalogue,20160720,Photography,7547,534,25,https://mir-s3-cdn-cf.behance.net/projects/404/71a4ac40849415.Y3JvcCw5MTUsNzE2LDExNyww.jpg,fredericstreicher,Hamburg,Germany
5,44709177,Singer Monaco car,20161103,Photography,2818,379,14,https://mir-s3-cdn-cf.behance.net/projects/404/9958a644709177.Y3JvcCwxMjQ5LDk3NywxMTQsNzQ2.jpeg,tomwheatley,Limoux,France
6,45555503,Parking,20161123,Photography,37718,2163,83,https://mir-s3-cdn-cf.behance.net/projects/404/f8d58345555503.Y3JvcCwxMjgxLDEwMDMsMTgwLDA.jpg,AgnieszkaDoroszewicz,Hamburg,Germany
7,50681849,Mazda FRX,20170326,Automotive Design,5243,649,19,https://mir-s3-cdn-cf.behance.net/projects/404/e624f750681849.Y3JvcCw3NTksNTk0LDU0NSw1Mzg.jpg,airoldist48bd,Torino,Italy
8,52421413,New futurism,20170515,Automotive Design,8953,1269,0,https://mir-s3-cdn-cf.behance.net/projects/404/149f4e52421413.Y3JvcCwxMDA0LDc4NiwxNyww.png,dirclumsy,Budapest,Hungary
9,52703953,Mclaren: Senior Capstone Project,20170519,Automotive Design,11836,1447,40,https://mir-s3-cdn-cf.behance.net/projects/404/d458fa52703953.Y3JvcCwxOTk3LDE1NjMsMTg4Myw4OTI.jpg,RaleighHaire,Cincinnati,United States
10,52734937,If Aliens do CGI,20170517,Art Direction,13949,1771,52,https://mir-s3-cdn-cf.behance.net/projects/404/fd576e52734937.Y3JvcCw4NDIsNjU5LDAsNjg0.jpg,Maximilian924d,Berlin,Germany
11,53279063,BMW Concept 8 Series,20170531,Photography,46334,3678,118,https://mir-s3-cdn-cf.behance.net/projects/404/ff5a1b53279063.Y3JvcCwyMDUwLDE2MDUsMTExLDA.jpg,AgnieszkaDoroszewicz,Hamburg,Germany
12,54278971,Hodgepodge 2,20170629,Industrial Design,7143,696,18,https://mir-s3-cdn-cf.behance.net/projects/404/2c8c8654278971.Y3JvcCwyODY4LDIyNDUsNTczLDA.jpg,trikivu,Salzburg,Austria
13,54640677,O4 interior project,20180317,Automotive Design,17261,1909,55,https://mir-s3-cdn-cf.behance.net/projects/404/0d966a54640677.Y3JvcCwxMjQ5LDk3Nyw4MCwxNjM4.jpg,RomaZenin,Royal Leamington Spa,United Kingdom
14,54991355,BMW Classic Cars Calendar,20170721,Photography,5734,667,21,https://mir-s3-cdn-cf.behance.net/projects/404/a166af54991355.Y3JvcCwxNjA2LDEyNTcsMTgyLDQ3.jpg,mail1eeb,Munich,Germany
15,55738935,Car design sketches 2,20170814,Automotive Design,7813,467,16,https://mir-s3-cdn-cf.behance.net/projects/404/d4455155738935.Y3JvcCwyMzQ3LDE4MzcsMTUwLDA.png,gabihantig,London,United Kingdom
16,55876581,BMW Concept Z4,20170818,Photography,27980,2122,102,https://mir-s3-cdn-cf.behance.net/projects/404/2da00e55876581.Y3JvcCwxMTgyLDkyNSwwLDA.jpg,AgnieszkaDoroszewicz,Hamburg,Germany
17,56348017,Mercedes-Benz Unimog - Sherpa,20170902,Automotive Design,4728,412,12,https://mir-s3-cdn-cf.behance.net/projects/404/c69b3a56348017.Y3JvcCw3NjksNjAyLDM5NywyNjI.jpg,DavidVoltner,Zlín,Czech Republic
18,56436945,Rolls Royce Phantom - 2017,20170905,Automotive Design,9255,781,27,https://mir-s3-cdn-cf.behance.net/projects/404/8bcf4d56436945.Y3JvcCwxMzM5LDEwNDgsMzMwLDA.jpg,harjitvirdee,Worcester,United Kingdom
19,57093739,Toyota - Neon C-HR,20170925,Art Direction,7018,888,17,https://mir-s3-cdn-cf.behance.net/projects/404/a3a13957093739.Y3JvcCwxODM4LDE0MzksNTk5LDE4.jpg,SerialCut,Madrid,Spain
20,58144763,#AUDIBOARD22,20171026,Automotive Design,4306,223,18,https://mir-s3-cdn-cf.behance.net/projects/404/e9677158144763.Y3JvcCwxMzgyLDEwODIsMzA3LDA.jpg,PavelPevchev,Milano,Italy
21,58224841,Porsche 959S for 000 Magazine,20171028,Automotive Design,5638,725,16,https://mir-s3-cdn-cf.behance.net/projects/404/5ad54258224841.Y3JvcCwxMTk0LDkzNCwxMTUsMA.jpg,alexmbernsteinb62a,Los Angeles,United States
22,59330629,OURSIDE,20171129,Industrial Design,8235,834,15,https://mir-s3-cdn-cf.behance.net/projects/404/17cd1c59330629.Y3JvcCwyNTQ3LDE5OTQsMTU1MywyNzA.jpg,Arturschei78c8,Pforzheim,Germany
23,59684799,Volvo Concept Saloon,20171209,Industrial Design,4841,353,11,https://mir-s3-cdn-cf.behance.net/projects/404/ebfd6e59684799.5a2b158336f92.png,degraaffdesign,Coventry,United Kingdom
24,59844095,Young Designer Awards 2018,20171214,Automotive Design,7679,626,14,https://mir-s3-cdn-cf.behance.net/projects/404/5c1a4359844095.Y3JvcCwyMDA0LDE1NjksMCwyMTc.jpg,rdcompaafc,Paris,France
25,60236235,Alpine A130,20171227,Automotive Design,7737,553,18,https://mir-s3-cdn-cf.behance.net/projects/404/b9748460236235.5aad61854c090.jpg,sancho737275,Los Angeles,United States
26,60760109,Suzuki S-Cross,20180112,Motion Graphics,4926,248,8,https://mir-s3-cdn-cf.behance.net/projects/404/d2ca6c60760109.Y3JvcCwxMzg0LDEwODMsMjcwLDA.jpg,Balzerini,Hamburg,Germany
27,60988235,ACURA NEX Sponsored Studio,20180118,Automotive Design,7262,611,16,https://mir-s3-cdn-cf.behance.net/projects/404/081de860988235.Y3JvcCwyMjQyLDE3NTUsNjAzLDA.jpg,pictafied,Rochester Hills,United States
28,61916123,Rolex 24h DAYTONA,20180210,Photography,23128,1325,44,https://mir-s3-cdn-cf.behance.net/projects/404/28e6a961916123.5a7e82092ec9f.jpg,AgnieszkaDoroszewicz,Hamburg,Germany
29,62029343,In Lux,20180213,Creative Direction,6925,782,8,https://mir-s3-cdn-cf.behance.net/projects/404/a7ce6462029343.Y3JvcCw2NjEsNTE3LDMyNCwyNDQ.jpg,gonecoyote,Venice,United States
30,62032259,Halo & McLaren MCL33 Livery Concept,20180213,Industrial Design,8529,401,15,https://mir-s3-cdn-cf.behance.net/projects/404/422bd562032259.Y3JvcCwxODg3LDE0NzcsMTMzMiwyNzQ.jpg,esamust,Lahti,Finland
31,62186351,"CARe - fractal family car, RCA",20180217,Automotive Design,9436,619,20,https://mir-s3-cdn-cf.behance.net/projects/404/2cb9d362186351.Y3JvcCw3MjIsNTY1LDgzLDgw.jpg,anandasink94ea,London,United Kingdom
32,62418621,SPARTAN CAMARO,20180228,Automotive Design,8460,891,18,https://mir-s3-cdn-cf.behance.net/projects/404/7330e962418621.Y3JvcCw1NTEyLDQzMTQsMTU5MiwxMDYx.jpg,byShift,Monterrey,Mexico
33,62679761,VW ID-Tech concept,20180301,Automotive Design,9982,701,16,https://mir-s3-cdn-cf.behance.net/projects/404/cf3f6b62679761.Y3JvcCw2OTAsNTQwLDY3NCwxNTE.jpg,antoniopagliadesign6,Milano,Italy
34,63203231,The future is now,20180314,Automotive Design,13847,1306,33,https://mir-s3-cdn-cf.behance.net/projects/404/3936a063203231.Y3JvcCwxOTIyLDE1MDQsNDIsMA.jpg,thomas_schorn,Cologne,Germany
35,63244941,Audi RS 6,20180315,Photography,9092,543,11,https://mir-s3-cdn-cf.behance.net/projects/404/93f3e963244941.Y3JvcCwxNzA4LDEzMzcsMCww.jpg,thomas_schorn,Cologne,Germany
36,63833229,HYUNDAI MOTORSTUDIO GOYANG 2017 Kinetic object,20180330,Exhibition Design,13890,1071,25,https://mir-s3-cdn-cf.behance.net/projects/404/a9e2ab63833229.Y3JvcCw3NTUsNTkxLDIzMSw0OA.jpg,easywith,Seoul,"Korea, Republic of"
37,64022847,Texas - the story...,20180405,Photography,5755,466,15,https://mir-s3-cdn-cf.behance.net/projects/404/dd6b2664022847.Y3JvcCwxMzQ1LDEwNTMsNTMsMA.jpg,recomblacksmith,Trudovets,Bulgaria
38,64555413,Sketchbook Jan. - Mar. 2018,20180418,Automotive Design,5153,571,18,https://mir-s3-cdn-cf.behance.net/projects/404/20d7a164555413.Y3JvcCwxMjAyLDk0MSwwLDExMg.png,johannkim,Stuttgart,Germany
39,65458231,Lamborghini Pura SuperVeloce Concept 2022,20180511,Industrial Design,10392,670,44,https://mir-s3-cdn-cf.behance.net/projects/404/74f10865458231.Y3JvcCwxMzYxLDEwNjUsMjU1LDM3Mw.jpg,fernandopastre,São José do Rio Preto,Brazil
40,67451559,Mars Concept Vehicle Render,20180703,Illustration,3021,76,10,https://mir-s3-cdn-cf.behance.net/projects/404/ffb65667451559.Y3JvcCwxODQxLDE0NDAsNDEsMA.png,jeremylwande,Dallas,United States
41,68434169,DS-X CONCEPT CAR,20180729,Photography,7192,694,29,https://mir-s3-cdn-cf.behance.net/projects/404/693e1468434169.Y3JvcCwxNDM4LDExMjUsNDc3LDA.jpg,williamcrozes,Paris,France
42,68575823,Exterior Design of the Silvermine 11SR track racer,20180802,Automotive Design,5014,279,16,https://mir-s3-cdn-cf.behance.net/projects/404/f208eb68575823.Y3JvcCwzNzUyLDI5MzUsMCww.jpg,marcovanoverbeeke,Utrecht,Netherlands
43,68939231,ALIENO ARCANUM,20180811,Automotive Design,3060,217,18,https://mir-s3-cdn-cf.behance.net/projects/404/696e9568939231.Y3JvcCwyMzAxLDE4MDAsNDU1LDA.jpg,Enchev,Sofia,Bulgaria
44,69622585,RENAULT FOR RUSSIA | COMPETITION PROJECT,20180830,Automotive Design,11091,627,22,https://mir-s3-cdn-cf.behance.net/projects/404/2ec22569622585.Y3JvcCwxODQxLDE0NDAsMzA5LDA.jpg,trafim97edcc,Abakan,Russian Federation
45,70627223,Porsche 919 Hybrid + 919 Hybrid EVO,20180925,Advertising,2782,167,8,https://mir-s3-cdn-cf.behance.net/projects/404/51ab0770627223.Y3JvcCwxNzA0LDEzMzMsMTQ3LDA.jpg,thomas_schorn,Cologne,Germany
46,70897369,DSD Golem,20181002,Industrial Design,5575,319,21,https://mir-s3-cdn-cf.behance.net/projects/404/e8319b70897369.Y3JvcCw0MTQ2LDMyNDMsMjU2LDc0OQ.jpg,JMAznar,Barcelona,Spain
47,71248927,Volkswagen CC 2018 | Sense of Beauty,20181011,Animation,2405,166,7,https://mir-s3-cdn-cf.behance.net/projects/404/9cf18271248927.Y3JvcCwxMjU5LDk4NCw2NDUsNTk.jpg,GUMLAB,Shanghai,China
48,72532359,Lamborghini Urus,20181113,Automotive Design,2840,283,6,https://mir-s3-cdn-cf.behance.net/projects/404/c5944672532359.Y3JvcCwxNDAwLDEwOTUsMCw0OTU.jpg,leda88b2,Milano,Italy
